,CODE_SALESROOM,NAME_SALESROOM,NUM_LONGITUDE,NUM_LATITUDE,Business
0,101776,天津迪信通电子通信技术有限公司津南辛庄电信厅,117.35274,39.032864000000004,辛庄
1,101027,天津市铭源津计算机经营部鞍山西道2店,117.16928999999999,39.12025,"海光寺,白堤路,风荷园"
2,101573,天津市蓟县万佳通讯器材经营部上仓河西店,117.40883000000001,39.911970000000004,上仓
3,101698,天津开发区银河通信咨讯有限公司电报大楼店,117.21158600000001,39.12363,"五大道,黄家花园,国际大厦"
4,101948,天津市宝坻区鑫鑫名兴通讯器材经营部,117.31853500000001,39.72933,城关
